{"P-TPT__median":-0.6488671899,"P-TPT__mean":-0.6704854965,"P-TPT__standard_deviation":0.8284178376,"P-TPT__variance":0.6862760782,"P-TPT__root_mean_square":1.065751791,"P-TPT__maximum":0.7419792414,"P-TPT__absolute_maximum":2.3240301609,"P-TPT__minimum":-2.3240301609,"T-TPT__median":1.15520823,"T-TPT__mean":1.15520823,"T-TPT__standard_deviation":0.0,"T-TPT__variance":0.0,"T-TPT__root_mean_square":1.1552081108,"T-TPT__maximum":1.15520823,"T-TPT__absolute_maximum":1.15520823,"T-TPT__minimum":1.15520823,"P-MON-CKP__median":-1.9249055386,"P-MON-CKP__mean":-1.9244441986,"P-MON-CKP__standard_deviation":0.1111090556,"P-MON-CKP__variance":0.0123452228,"P-MON-CKP__root_mean_square":1.9276489019,"P-MON-CKP__maximum":-1.73203969,"P-MON-CKP__absolute_maximum":2.1157934666,"P-MON-CKP__minimum":-2.1157934666,"T-JUS-CKP__median":1.9244703054,"T-JUS-CKP__mean":1.924500823,"T-JUS-CKP__standard_deviation":0.1111068428,"T-JUS-CKP__variance":0.012344731,"T-JUS-CKP__root_mean_square":1.9277052879,"T-JUS-CKP__maximum":2.1161322594,"T-JUS-CKP__absolute_maximum":2.1161322594,"T-JUS-CKP__minimum":1.7333558798,"P-JUS-CKGL__median":-1.9236263037,"P-JUS-CKGL__mean":-1.9244853258,"P-JUS-CKGL__standard_deviation":0.1111686751,"P-JUS-CKGL__variance":0.0123584745,"P-JUS-CKGL__root_mean_square":1.9276932478,"P-JUS-CKGL__maximum":-1.732070446,"P-JUS-CKGL__absolute_maximum":2.1151821613,"P-JUS-CKGL__minimum":-2.1151821613,"class":1},{"P-TPT__median":-0.4083506465,"P-TPT__mean":-0.5476401448,"P-TPT__standard_deviation":0.8511710763,"P-TPT__variance":0.7244921923,"P-TPT__root_mean_square":1.0121275187,"P-TPT__maximum":0.7419792414,"P-TPT__absolute_maximum":2.3240301609,"P-TPT__minimum":-2.3240301609,"T-TPT__median":1.15520823,"T-TPT__mean":1.15520823,"T-TPT__standard_deviation":0.0,"T-TPT__variance":0.0,"T-TPT__root_mean_square":1.1552081108,"T-TPT__maximum":1.15520823,"T-TPT__absolute_maximum":1.15520823,"T-TPT__minimum":1.15520823,"P-MON-CKP__median":-2.3086593151,"P-MON-CKP__mean":-2.3094177246,"P-MON-CKP__standard_deviation":0.1111090034,"P-MON-CKP__variance":0.0123452106,"P-MON-CKP__root_mean_square":2.312088728,"P-MON-CKP__maximum":-2.1177713871,"P-MON-CKP__absolute_maximum":2.5015251637,"P-MON-CKP__minimum":-2.5015251637,"T-JUS-CKP__median":2.3094372749,"T-JUS-CKP__mean":2.3094065189,"T-JUS-CKP__standard_deviation":0.1111098304,"T-JUS-CKP__variance":0.0123453951,"T-JUS-CKP__root_mean_square":2.3120779991,"T-JUS-CKP__maximum":2.5005517006,"T-JUS-CKP__absolute_maximum":2.5005517006,"T-JUS-CKP__minimum":2.1183228493,"P-JUS-CKGL__median":-2.3089780807,"P-JUS-CKGL__mean":-2.309388876,"P-JUS-CKGL__standard_deviation":0.1110925972,"P-JUS-CKGL__variance":0.0123415645,"P-JUS-CKGL__root_mean_square":2.3120596409,"P-JUS-CKGL__maximum":-2.1174225807,"P-JUS-CKGL__absolute_maximum":2.5005340576,"P-JUS-CKGL__minimum":-2.5005340576,"class":-1},{"P-TPT__median":-2.3240301609,"P-TPT__mean":-2.2457020283,"P-TPT__standard_deviation":0.2378306538,"P-TPT__variance":0.0565634184,"P-TPT__root_mean_square":2.2582607269,"P-TPT__maximum":-1.148342371,"P-TPT__absolute_maximum":2.3240301609,"P-TPT__minimum":-2.3240301609,"T-TPT__median":1.15520823,"T-TPT__mean":1.15520823,"T-TPT__standard_deviation":0.0,"T-TPT__variance":0.0,"T-TPT__root_mean_square":1.1552081108,"T-TPT__maximum":1.15520823,"T-TPT__absolute_maximum":1.15520823,"T-TPT__minimum":1.15520823,"P-MON-CKP__median":-2.6943912506,"P-MON-CKP__mean":-2.6942591667,"P-MON-CKP__standard_deviation":0.1111134514,"P-MON-CKP__variance":0.0123461988,"P-MON-CKP__root_mean_square":2.6965494156,"P-MON-CKP__maximum":-2.5035033226,"P-MON-CKP__absolute_maximum":2.8852789402,"P-MON-CKP__minimum":-2.8852789402,"T-JUS-CKP__median":2.6944041252,"T-JUS-CKP__mean":2.694303751,"T-JUS-CKP__standard_deviation":0.1111114472,"T-JUS-CKP__variance":0.0123457536,"T-JUS-CKP__root_mean_square":2.6965937614,"T-JUS-CKP__maximum":2.8855185509,"T-JUS-CKP__absolute_maximum":2.8855185509,"T-JUS-CKP__minimum":2.5027420521,"P-JUS-CKGL__median":-2.6943302155,"P-JUS-CKGL__mean":-2.6942558289,"P-JUS-CKGL__standard_deviation":0.1110638082,"P-JUS-CKGL__variance":0.0123351691,"P-JUS-CKGL__root_mean_square":2.696543932,"P-JUS-CKGL__maximum":-2.502774477,"P-JUS-CKGL__absolute_maximum":2.8858861923,"P-JUS-CKGL__minimum":-2.8858861923,"class":0},{"P-TPT__median":-2.3240301609,"P-TPT__mean":-2.3240301609,"P-TPT__standard_deviation":0.0,"P-TPT__variance":0.0,"P-TPT__root_mean_square":2.3240301609,"P-TPT__maximum":-2.3240301609,"P-TPT__absolute_maximum":2.3240301609,"P-TPT__minimum":-2.3240301609,"T-TPT__median":1.15520823,"T-TPT__mean":1.15520823,"T-TPT__standard_deviation":0.0,"T-TPT__variance":0.0,"T-TPT__root_mean_square":1.1552081108,"T-TPT__maximum":1.15520823,"T-TPT__absolute_maximum":1.15520823,"T-TPT__minimum":1.15520823,"P-MON-CKP__median":-3.0791339874,"P-MON-CKP__mean":-3.0792219639,"P-MON-CKP__standard_deviation":0.1111271009,"P-MON-CKP__variance":0.0123492321,"P-MON-CKP__root_mean_square":3.0812265873,"P-MON-CKP__maximum":-2.8872570992,"P-MON-CKP__absolute_maximum":3.2710106373,"P-MON-CKP__minimum":-3.2710106373,"T-JUS-CKP__median":3.0793709755,"T-JUS-CKP__mean":3.0792067051,"T-JUS-CKP__standard_deviation":0.1111149862,"T-JUS-CKP__variance":0.0123465406,"T-JUS-CKP__root_mean_square":3.0812108517,"T-JUS-CKP__maximum":3.2710330486,"T-JUS-CKP__absolute_maximum":3.2710330486,"T-JUS-CKP__minimum":2.8877089024,"P-JUS-CKGL__median":-3.0796823502,"P-JUS-CKGL__mean":-3.0792222023,"P-JUS-CKGL__standard_deviation":0.1110969186,"P-JUS-CKGL__variance":0.0123425247,"P-JUS-CKGL__root_mean_square":3.0812251568,"P-JUS-CKGL__maximum":-2.8881266117,"P-JUS-CKGL__absolute_maximum":3.2712380886,"P-JUS-CKGL__minimum":-3.2712380886,"class":0},{"P-TPT__median":-2.3240301609,"P-TPT__mean":-2.3240301609,"P-TPT__standard_deviation":0.0,"P-TPT__variance":0.0,"P-TPT__root_mean_square":2.3240301609,"P-TPT__maximum":-2.3240301609,"P-TPT__absolute_maximum":2.3240301609,"P-TPT__minimum":-2.3240301609,"T-TPT__median":1.15520823,"T-TPT__mean":1.15520823,"T-TPT__standard_deviation":0.0,"T-TPT__variance":0.0,"T-TPT__root_mean_square":1.1552081108,"T-TPT__maximum":1.15520823,"T-TPT__absolute_maximum":1.15520823,"T-TPT__minimum":1.15520823,"P-MON-CKP__median":-3.4638767242,"P-MON-CKP__mean":-3.4640524387,"P-MON-CKP__standard_deviation":0.111112617,"P-MON-CKP__variance":0.0123460134,"P-MON-CKP__root_mean_square":3.4658341408,"P-MON-CKP__maximum":-3.2729887962,"P-MON-CKP__absolute_maximum":3.6547644138,"P-MON-CKP__minimum":-3.6547644138,"T-JUS-CKP__median":3.4637901783,"T-JUS-CKP__mean":3.4640944004,"T-JUS-CKP__standard_deviation":0.1111128256,"T-JUS-CKP__variance":0.01234606,"T-JUS-CKP__root_mean_square":3.4658761024,"T-JUS-CKP__maximum":3.6554522514,"T-JUS-CKP__absolute_maximum":3.6554522514,"T-JUS-CKP__minimum":3.2726757526,"P-JUS-CKGL__median":-3.4650344849,"P-JUS-CKGL__mean":-3.4640882015,"P-JUS-CKGL__standard_deviation":0.1111393794,"P-JUS-CKGL__variance":0.0123519609,"P-JUS-CKGL__root_mean_square":3.4658706188,"P-JUS-CKGL__maximum":-3.273478508,"P-JUS-CKGL__absolute_maximum":3.6543498039,"P-JUS-CKGL__minimum":-3.6543498039,"class":0},{"P-TPT__median":-2.3240301609,"P-TPT__mean":-2.9202332497,"P-TPT__standard_deviation":0.929645896,"P-TPT__variance":0.8642414808,"P-TPT__root_mean_square":3.0646374226,"P-TPT__maximum":-2.3240301609,"P-TPT__absolute_maximum":5.390039444,"P-TPT__minimum":-5.390039444,"T-TPT__median":1.15520823,"T-TPT__mean":1.15520823,"T-TPT__standard_deviation":0.0,"T-TPT__variance":0.0,"T-TPT__root_mean_square":1.1552081108,"T-TPT__maximum":1.15520823,"T-TPT__absolute_maximum":1.15520823,"T-TPT__minimum":1.15520823,"P-MON-CKP__median":-3.8496084213,"P-MON-CKP__mean":-3.8489928246,"P-MON-CKP__standard_deviation":0.1111558452,"P-MON-CKP__variance":0.0123556219,"P-MON-CKP__root_mean_square":3.8505978584,"P-MON-CKP__maximum":-3.6567425728,"P-MON-CKP__absolute_maximum":4.0404963493,"P-MON-CKP__minimum":-4.0404963493,"T-JUS-CKP__median":3.8490309715,"T-JUS-CKP__mean":3.8489973545,