{"P-TPT__median":0.7419792414,"P-TPT__mean":0.7419792414,"P-TPT__standard_deviation":0.0,"P-TPT__variance":0.0,"P-TPT__root_mean_square":0.7419792414,"P-TPT__maximum":0.7419792414,"P-TPT__absolute_maximum":0.7419792414,"P-TPT__minimum":0.7419792414,"T-TPT__median":-1.4465277195,"T-TPT__mean":-1.4260528088,"T-TPT__standard_deviation":0.2986503541,"T-TPT__variance":0.0891920403,"T-TPT__root_mean_square":1.456989646,"T-TPT__maximum":-0.8838881254,"T-TPT__absolute_maximum":1.7977054119,"T-TPT__minimum":-1.7977054119,"P-MON-CKP__median":1.5397574902,"P-MON-CKP__mean":1.5396254063,"P-MON-CKP__standard_deviation":0.1111057401,"P-MON-CKP__variance":0.0123444851,"P-MON-CKP__root_mean_square":1.5436292887,"P-MON-CKP__maximum":1.7316342592,"P-MON-CKP__absolute_maximum":1.7316342592,"P-MON-CKP__minimum":1.3478806019,"T-JUS-CKP__median":-1.5394101143,"T-JUS-CKP__mean":-1.5396050215,"T-JUS-CKP__standard_deviation":0.1111085489,"T-JUS-CKP__variance":0.0123451091,"T-JUS-CKP__root_mean_square":1.5436087847,"T-JUS-CKP__maximum":-1.3485695124,"T-JUS-CKP__absolute_maximum":1.7307983637,"T-JUS-CKP__minimum":-1.7307983637,"P-JUS-CKGL__median":1.5400611162,"P-JUS-CKGL__mean":1.5395880938,"P-JUS-CKGL__standard_deviation":0.1110848635,"P-JUS-CKGL__variance":0.0123398472,"P-JUS-CKGL__root_mean_square":1.5435904264,"P-JUS-CKGL__maximum":1.7316168547,"P-JUS-CKGL__absolute_maximum":1.7316168547,"P-JUS-CKGL__minimum":1.3485052586,"class":1},{"P-TPT__median":0.7419792414,"P-TPT__mean":0.7419792414,"P-TPT__standard_deviation":0.0,"P-TPT__variance":0.0,"P-TPT__root_mean_square":0.7419792414,"P-TPT__maximum":0.7419792414,"P-TPT__absolute_maximum":0.7419792414,"P-TPT__minimum":0.7419792414,"T-TPT__median":-0.3136963844,"T-TPT__mean":-0.3143676817,"T-TPT__standard_deviation":0.3265497386,"T-TPT__variance":0.1066347361,"T-TPT__root_mean_square":0.4532788992,"T-TPT__maximum":0.2489431798,"T-TPT__absolute_maximum":0.8763359189,"T-TPT__minimum":-0.8763359189,"P-MON-CKP__median":1.1550146341,"P-MON-CKP__mean":1.1546630859,"P-MON-CKP__standard_deviation":0.1110854,"P-MON-CKP__variance":0.0123399654,"P-MON-CKP__root_mean_square":1.1599942446,"P-MON-CKP__maximum":1.3459024429,"P-MON-CKP__absolute_maximum":1.3459024429,"P-MON-CKP__minimum":0.9641268849,"T-JUS-CKP__median":-1.1547170877,"T-JUS-CKP__mean":-1.1546987295,"T-JUS-CKP__standard_deviation":0.111102283,"T-JUS-CKP__variance":0.0123437177,"T-JUS-CKP__root_mean_square":1.1600315571,"T-JUS-CKP__maximum":-0.9636026621,"T-JUS-CKP__absolute_maximum":1.3463790417,"T-JUS-CKP__minimum":-1.3463790417,"P-JUS-CKGL__median":1.1547091007,"P-JUS-CKGL__mean":1.1547089815,"P-JUS-CKGL__standard_deviation":0.1110946536,"P-JUS-CKGL__variance":0.0123420227,"P-JUS-CKGL__root_mean_square":1.1600409746,"P-JUS-CKGL__maximum":1.3462648392,"P-JUS-CKGL__absolute_maximum":1.3462648392,"P-JUS-CKGL__minimum":0.9631532431,"class":-1},{"P-TPT__median":0.7419792414,"P-TPT__mean":0.7419792414,"P-TPT__standard_deviation":0.0,"P-TPT__variance":0.0,"P-TPT__root_mean_square":0.7419792414,"P-TPT__maximum":0.7419792414,"P-TPT__absolute_maximum":0.7419792414,"P-TPT__minimum":0.7419792414,"T-TPT__median":0.6529862881,"T-TPT__mean":0.6126660109,"T-TPT__standard_deviation":0.3747839034,"T-TPT__variance":0.1404629648,"T-TPT__root_mean_square":0.7182078362,"T-TPT__maximum":1.15520823,"T-TPT__absolute_maximum":1.15520823,"T-TPT__minimum":-0.6120086312,"P-MON-CKP__median":0.7692828178,"P-MON-CKP__mean":0.7698103189,"P-MON-CKP__standard_deviation":0.1110942811,"P-MON-CKP__variance":0.0123419389,"P-MON-CKP__root_mean_square":0.7777852416,"P-MON-CKP__maximum":0.962148726,"P-MON-CKP__absolute_maximum":0.962148726,"P-MON-CKP__minimum":0.578395009,"T-JUS-CKP__median":-0.7697502375,"T-JUS-CKP__mean":-0.769795835,"T-JUS-CKP__standard_deviation":0.1111130863,"T-JUS-CKP__variance":0.0123461178,"T-JUS-CKP__root_mean_square":0.7777736187,"T-JUS-CKP__maximum":-0.5780881643,"T-JUS-CKP__absolute_maximum":0.9608646035,"T-JUS-CKP__minimum":-0.9608646035,"P-JUS-CKGL__median":0.7693570256,"P-JUS-CKGL__mean":0.769780159,"P-JUS-CKGL__standard_deviation":0.1110910997,"P-JUS-CKGL__variance":0.012341233,"P-JUS-CKGL__root_mean_square":0.7777549624,"P-JUS-CKGL__maximum":0.9609128237,"P-JUS-CKGL__absolute_maximum":0.9609128237,"P-JUS-CKGL__minimum":0.5778012276,"class":0},{"P-TPT__median":0.7419792414,"P-TPT__mean":0.7419792414,"P-TPT__standard_deviation":0.0,"P-TPT__variance":0.0,"P-TPT__root_mean_square":0.7419792414,"P-TPT__maximum":0.7419792414,"P-TPT__absolute_maximum":0.7419792414,"P-TPT__minimum":0.7419792414,"T-TPT__median":0.7171801329,"T-TPT__mean":0.2139931619,"T-TPT__standard_deviation":0.9384599924,"T-TPT__variance":0.8807071447,"T-TPT__root_mean_square":0.962548852,"T-TPT__maximum":1.15520823,"T-TPT__absolute_maximum":1.7977054119,"T-TPT__minimum":-1.7977054119,"P-MON-CKP__median":0.3855291307,"P-MON-CKP__mean":0.3848917186,"P-MON-CKP__standard_deviation":0.1111302897,"P-MON-CKP__variance":0.0123499418,"P-MON-CKP__root_mean_square":0.4006140232,"P-MON-CKP__maximum":0.5764169097,"P-MON-CKP__absolute_maximum":0.5764169097,"P-MON-CKP__minimum":0.1926632226,"T-JUS-CKP__median":-0.3847833276,"T-JUS-CKP__mean":-0.3849049807,"T-JUS-CKP__standard_deviation":0.111114271,"T-JUS-CKP__variance":0.0123463813,"T-JUS-CKP__root_mean_square":0.4006223381,"T-JUS-CKP__maximum":-0.1936689019,"T-JUS-CKP__absolute_maximum":0.5764453411,"T-JUS-CKP__minimum":-0.5764453411,"P-JUS-CKGL__median":0.3840050101,"P-JUS-CKGL__mean":0.3848887086,"P-JUS-CKGL__standard_deviation":0.1111518964,"P-JUS-CKGL__variance":0.0123547437,"P-JUS-CKGL__root_mean_square":0.4006171227,"P-JUS-CKGL__maximum":0.5755608082,"P-JUS-CKGL__absolute_maximum":0.5755608082,"P-JUS-CKGL__minimum":0.1924491972,"class":0},{"P-TPT__median":0.7419792414,"P-TPT__mean":0.4668067396,"P-TPT__standard_deviation":0.6605027318,"P-TPT__variance":0.4362638295,"P-TPT__root_mean_square":0.8088092804,"P-TPT__maximum":0.7419792414,"P-TPT__absolute_maximum":2.0089766979,"P-TPT__minimum":-2.0089766979,"T-TPT__median":0.1545405686,"T-TPT__mean":0.1539531648,"T-TPT__standard_deviation":0.2785912752,"T-TPT__variance":0.0776131004,"T-TPT__root_mean_square":0.3182996511,"T-TPT__maximum":0.6341058016,"T-TPT__absolute_maximum":0.6341058016,"T-TPT__minimum":-0.3250246942,"P-MON-CKP__median":-0.0002026954,"P-MON-CKP__mean":-0.0000048849,"P-MON-CKP__standard_deviation":0.1111067086,"P-MON-CKP__variance":0.0123447012,"P-MON-CKP__root_mean_square":0.1111067161,"P-MON-CKP__maximum":0.1906851083,"P-MON-CKP__absolute_maximum":0.1910904944,"P-MON-CKP__minimum":-0.1910904944,"T-JUS-CKP__median":0.0001835494,"T-JUS-CKP__mean":0.000001012,"T-JUS-CKP__standard_deviation":0.1111096516,"T-JUS-CKP__variance":0.0123453541,"T-JUS-CKP__root_mean_square":0.1111096516,"T-JUS-CKP__maximum":0.1912979782,"T-JUS-CKP__absolute_maximum":0.1914784759,"T-JUS-CKP__minimum":-0.1914784759,"P-JUS-CKGL__median":0.0008934016,"P-JUS-CKGL__mean":0.0000470108,"P-JUS-CKGL__standard_deviation":0.1111692414,"P-JUS-CKGL__variance":0.0123586003,"P-JUS-CKGL__root_mean_square":0.1111692488,"P-JUS-CKGL__maximum":0.1924491972,"P-JUS-CKGL__absolute_maximum":0.1924491972,"P-JUS-CKGL__minimum":-0.1906623989,"class":0},{"P-TPT__median":-0.1493919492,"P-TPT__mean":-0.4803263247,"P-TPT__standard_deviation":0.9217371345,"P-TPT__variance":0.8495993614,"P-TPT__root_mean_square":1.039380908,"P-TPT__maximum":0.7419792414,"P-TPT__absolute_maximum":2.3240301609,"P-TPT__minimum":-2.3240301609,"T-TPT__median":-0.8121421337,"T-TPT__mean":-0.8113869429,"T-TPT__standard_deviation":0.2786340714,"T-TPT__variance":0.0776369497,"T-TPT__root_mean_square":0.8578961492,"T-TPT__maximum":-0.3325769007,"T-TPT__absolute_maximum":1.2917073965,"T-TPT__minimum":-1.2917073965,"P-MON-CKP__median":-0.3849454522,"P-MON-CKP__mean":-0.3848904967,"P-MON-CKP__standard_deviation":0.1111612469,"P-MON-CKP__variance":0.0123568233,"P-MON-CKP__root_mean_square":0.400621444,"P-MON-CKP__maximum":-0.1930686086,"P-MON-CKP__absolute_maximum":0.5768223405,